{"cameraMode":{"drawMode":0,"name":"Shaded","section":"Shading Mode"},"sceneLighting":false,"audioPlay":false,"sceneViewState":{"showFog":true,"showMaterialUpdate":false,"showSkybox":true,"showFlares":true,"showImageEffects":true,"showParticleSystems":true},"in2DMode":false,"pivot":{"x":62.5559196472168,"y":-51.77498245239258,"z":29.957002639770509},"rotation":{"x":-0.27752742171287539,"y":-0.4594758450984955,"z":0.1537105143070221,"w":-0.8295984268188477},"size":88.56704711914063,"orthographic":false}