{"cameraMode":{"drawMode":0,"name":"Shaded","section":"Shading Mode"},"sceneLighting":false,"audioPlay":false,"sceneViewState":{"showFog":true,"showMaterialUpdate":false,"showSkybox":true,"showFlares":true,"showImageEffects":true,"showParticleSystems":true},"in2DMode":false,"pivot":{"x":-31.434917449951173,"y":-2.728762149810791,"z":-157.67202758789063},"rotation":{"x":0.18127888441085816,"y":-0.3576313853263855,"z":0.07098143547773361,"w":0.9133451581001282},"size":23.95857048034668,"orthographic":false}